{"cameraMode":{"drawMode":0,"name":"Shaded","section":"Shading Mode"},"sceneLighting":false,"audioPlay":false,"sceneViewState":{"m_AlwaysRefresh":false,"showFog":true,"showSkybox":false,"showFlares":true,"showImageEffects":true,"showParticleSystems":true,"showVisualEffectGraphs":true,"m_FxEnabled":true},"in2DMode":false,"pivot":{"x":0.005732476711273193,"y":0.6992319822311401,"z":-0.00789235532283783},"rotation":{"x":-0.0037343900185078384,"y":0.9929518699645996,"z":-0.11400125175714493,"w":-0.032481346279382709},"size":1.1205089092254639,"orthographic":false}